{"_runtime":212.7844427,"_step":9379,"_wandb":{"runtime":213},"train_loss":1.5634000301361084,"train_accuracy":0.875,"_timestamp":1.736448920921422e+09}
