{"epoch":5,"trainer/global_step":465,"_timestamp":1.7366967593602774e+09,"_runtime":30.7594396,"_step":9,"test_loss":1.5495352745056152,"test_acc":0.9150000214576721,"_wandb":{"runtime":30}}
