{"_runtime":33.8623471,"_wandb":{"runtime":33},"_step":9,"test_loss":1.6303627490997314,"test_acc":0.8331999778747559,"epoch":5,"trainer/global_step":465,"_timestamp":1.7366959778171525e+09}