{"_wandb":{"runtime":218},"_timestamp":1.7372349512156506e+09,"_runtime":215.5147806,"_step":49,"gradients":{"_type":"histogram","values":[3,2,4,8,12,14,40,58,179,453,28835,1334,133,69,30,13,4,3,4,5,3,3,3,1,1,2,0,2,3,2,1,1,3,2,1,1,0,0,1,1,3,0,2,1,0,0,1,0,0,0,0,0,0,0,0,0,0,0,0,0,0,0,0,1],"bins":[-0.0006537529407069087,-0.0005927232559770346,-0.0005316936294548213,-0.0004706639447249472,-0.0004096342599950731,-0.0003486046043690294,-0.00028757491963915527,-0.0002265452640131116,-0.00016551559383515269,-0.00010448592365719378,-4.345625711721368e-05,1.757341124175582e-05,7.860307960072532e-05,0.00013963274250272661,0.00020066241268068552,0.00026169209741055965,0.00032272175303660333,0.000383751408662647,0.00044478109339252114,0.0005058107781223953,0.0005668404046446085,0.0006278700893744826,0.0006888997741043568,0.0007499294588342309,0.0008109590853564441,0.0008719887700863183,0.0009330184548161924,0.0009940480813384056,0.0010550777660682797,0.0011161074507981539,0.001177137135528028,0.0012381668202579021,0.0012991963885724545,0.0013602260733023286,0.0014212557580322027,0.0014822854427620769,0.001543315127491951,0.0016043448122218251,0.0016653744969516993,0.0017264041816815734,0.0017874337499961257,0.0018484634347259998,0.001909493119455874,0.001970522804185748,0.0020315523725003004,0.0020925821736454964,0.0021536117419600487,0.0022146415431052446,0.002275671111419797,0.002336700912564993,0.002397730480879545,0.0024587600491940975,0.0025197898503392935,0.002580819418653846,0.0026418492197990417,0.002702878788113594,0.00276390858925879,0.0028249381575733423,0.0028859677258878946,0.0029469975270330906,0.003008027095347643,0.003069056896492839,0.003130086464807391,0.003191116265952587,0.0032521458342671394]}}
